Ticker,Date,compound,neg,neu,pos
AMC,2021-04-07,0.0,0.0,1.0,0.0
AMC,2021-04-07,0.5267,0.0,0.645,0.355
AMC,2021-04-07,0.0,0.0,1.0,0.0
AMC,2021-04-07,-0.7717,0.148,0.815,0.037
AMC,2021-04-07,0.0,0.0,1.0,0.0
AMC,2021-04-07,0.4278,0.0,0.585,0.415
AMC,2021-04-07,0.0,0.0,1.0,0.0
AMC,2021-04-07,0.0,0.0,1.0,0.0
AMC,2021-04-07,-0.8074,0.399,0.601,0.0
AMC,2021-04-07,0.0,0.0,1.0,0.0
AMC,2021-04-07,0.0,0.0,1.0,0.0
AMC,2021-04-07,0.0,0.0,1.0,0.0
AMC,2021-04-07,0.0,0.0,1.0,0.0
AMC,2021-04-07,0.4404,0.0,0.828,0.172
AMC,2021-04-07,0.8519,0.0,0.661,0.339
AMC,2021-04-07,-0.5719,0.198,0.802,0.0
AMC,2021-04-07,0.7579,0.0,0.84,0.16
AMC,2021-04-07,0.3182,0.0,0.813,0.187
AMC,2021-04-07,0.3182,0.0,0.813,0.187
AMC,2021-04-07,0.0,0.0,1.0,0.0
AMC,2021-04-07,0.8859,0.033,0.742,0.225
AMC,2021-04-07,0.0,0.0,1.0,0.0
AMC,2021-04-07,0.3818,0.0,0.698,0.302
AMC,2021-04-07,0.7876,0.0,0.751,0.249
AMC,2021-04-07,0.0,0.0,1.0,0.0
AMC,2021-04-07,0.0,0.0,1.0,0.0
AMC,2021-04-07,0.0,0.0,1.0,0.0
AMC,2021-04-07,0.2732,0.0,0.84,0.16
AMC,2021-04-07,0.8636,0.0,0.32,0.68
AMC,2021-04-07,0.3612,0.0,0.865,0.135
AMC,2021-04-07,0.3612,0.0,0.839,0.161
AMC,2021-04-07,-0.2263,0.213,0.787,0.0
AMC,2021-04-07,0.0,0.0,1.0,0.0
AMC,2021-04-07,0.0,0.0,1.0,0.0
AMC,2021-04-07,0.765,0.0,0.852,0.148
AMC,2021-04-07,0.0,0.0,1.0,0.0
AMC,2021-04-07,0.0,0.0,1.0,0.0
AMC,2021-04-07,0.0,0.0,1.0,0.0
AMC,2021-04-07,0.0,0.0,1.0,0.0
AMC,2021-04-07,0.3612,0.0,0.815,0.185
AMC,2021-04-07,0.0,0.0,1.0,0.0
AMC,2021-04-07,-0.3089,0.124,0.876,0.0
AMC,2021-04-07,0.5994,0.0,0.874,0.126
AMC,2021-04-07,0.5106,0.0,0.476,0.524
AMC,2021-04-07,-0.2732,0.188,0.681,0.131
AMC,2021-04-07,0.659,0.0,0.722,0.278
AMC,2021-04-07,0.0,0.0,1.0,0.0
AMC,2021-04-07,0.296,0.0,0.761,0.239
AMC,2021-04-07,0.5859,0.0,0.696,0.304
AMC,2021-04-07,0.7067,0.025,0.867,0.108
AMC,2021-04-07,0.0,0.0,1.0,0.0
AMC,2021-04-07,0.0,0.0,1.0,0.0
AMC,2021-04-07,0.0,0.0,1.0,0.0
AMC,2021-04-06,0.0,0.0,1.0,0.0
AMC,2021-04-06,0.876,0.0,0.769,0.231
AMC,2021-04-06,0.0,0.0,1.0,0.0
AMC,2021-04-06,0.0,0.0,1.0,0.0
AMC,2021-04-06,0.0,0.0,1.0,0.0
AMC,2021-04-06,0.0,0.0,1.0,0.0
AMC,2021-04-06,-0.4019,0.162,0.838,0.0
AMC,2021-04-06,0.8271,0.06,0.671,0.269
AMC,2021-04-06,0.0,0.0,1.0,0.0
AMC,2021-04-06,0.0,0.0,1.0,0.0
AMC,2021-04-06,0.0,0.0,1.0,0.0
AMC,2021-04-06,0.5423,0.0,0.696,0.304
AMC,2021-04-06,0.0,0.0,1.0,0.0
AMC,2021-04-06,0.0,0.0,1.0,0.0
AMC,2021-04-06,0.3034,0.0,0.853,0.147
AMC,2021-04-06,0.0,0.0,1.0,0.0
AMC,2021-04-06,-0.4215,0.286,0.714,0.0
AMC,2021-04-06,-0.5106,0.136,0.864,0.0
AMC,2021-04-06,0.0,0.0,1.0,0.0
AMC,2021-04-06,0.0,0.0,1.0,0.0
AMC,2021-04-06,0.0,0.0,1.0,0.0
AMC,2021-04-06,0.2732,0.0,0.851,0.149
AMC,2021-04-06,0.0,0.0,1.0,0.0
AMC,2021-04-06,0.6289,0.0,0.682,0.318
AMC,2021-04-06,-0.5574,0.231,0.769,0.0
AMC,2021-04-06,0.0,0.0,1.0,0.0
AMC,2021-04-06,0.4648,0.0,0.698,0.302
AMC,2021-04-06,0.4648,0.0,0.725,0.275
AMC,2021-04-05,0.0,0.0,1.0,0.0
AMC,2021-04-05,0.5106,0.0,0.619,0.381
AMC,2021-04-05,0.0,0.0,1.0,0.0
AMC,2021-04-05,0.0,0.0,1.0,0.0
AMC,2021-04-05,-0.4019,0.197,0.803,0.0
AMC,2021-04-05,-0.8519,0.337,0.578,0.085
AMC,2021-04-05,0.6369,0.0,0.625,0.375
AMC,2021-04-05,0.0,0.0,1.0,0.0
AMC,2021-04-05,0.6369,0.0,0.625,0.375
AMC,2021-04-05,0.5688,0.0,0.818,0.182
AMC,2021-04-05,0.0,0.0,1.0,0.0
AMC,2021-04-05,0.5106,0.0,0.784,0.216
AMC,2021-04-05,0.4019,0.0,0.426,0.574
AMC,2021-04-05,0.6808,0.135,0.608,0.257
AMC,2021-04-05,0.0,0.0,1.0,0.0
AMC,2021-04-05,0.6808,0.14,0.594,0.266
AMC,2021-04-05,0.34,0.0,0.789,0.211
AMC,2021-04-05,0.0,0.0,1.0,0.0
AMC,2021-04-05,0.3932,0.059,0.801,0.14
AMC,2021-04-05,0.3716,0.068,0.795,0.137
AMC,2021-04-05,0.5251,0.065,0.769,0.165
AMC,2021-04-05,0.6652,0.0,0.81,0.19
AMC,2021-04-05,0.7351,0.0,0.592,0.408
AMC,2021-04-05,0.6369,0.0,0.769,0.231
AMC,2021-04-05,0.3919,0.0,0.872,0.128
AMC,2021-04-05,0.5622,0.1,0.635,0.265
AMC,2021-04-05,0.0,0.0,1.0,0.0
AMC,2021-04-05,0.3612,0.0,0.839,0.161
AMC,2021-04-05,0.5106,0.0,0.619,0.381
AMC,2021-04-05,0.34,0.0,0.745,0.255
AMC,2021-04-05,0.0,0.0,1.0,0.0
AMC,2021-04-05,0.0,0.0,1.0,0.0
AMC,2021-04-05,-0.5574,0.231,0.769,0.0
AMC,2021-04-05,0.0,0.0,1.0,0.0
AMC,2021-04-05,0.0,0.0,1.0,0.0
AMC,2021-04-05,0.0,0.0,1.0,0.0
AMC,2021-04-05,0.3182,0.0,0.796,0.204
AMC,2021-04-05,0.0,0.0,1.0,0.0
AMC,2021-04-05,0.0,0.0,1.0,0.0
AMC,2021-04-05,0.0,0.0,1.0,0.0
AMC,2021-04-05,0.0,0.0,1.0,0.0
AMC,2021-04-05,0.0,0.0,1.0,0.0
AMC,2021-04-05,0.0,0.0,1.0,0.0
AMC,2021-04-05,0.0,0.0,1.0,0.0
AMC,2021-04-05,-0.0516,0.085,0.915,0.0
AMC,2021-04-05,0.0,0.0,1.0,0.0
AMC,2021-04-05,0.4404,0.0,0.674,0.326
AMC,2021-04-05,0.0,0.0,1.0,0.0
AMC,2021-04-05,0.0,0.0,1.0,0.0
AMC,2021-04-05,0.0,0.0,1.0,0.0
AMC,2021-04-05,0.4404,0.0,0.884,0.116
AMC,2021-04-05,0.0,0.0,1.0,0.0
AMC,2021-04-05,0.0,0.0,1.0,0.0
AMC,2021-04-05,0.0,0.0,1.0,0.0
AMC,2021-04-05,0.128,0.192,0.571,0.237
AMC,2021-04-05,0.0,0.0,1.0,0.0
AMC,2021-04-05,-0.296,0.167,0.833,0.0
AMC,2021-04-05,0.1154,0.0,0.925,0.075
AMC,2021-04-05,0.0,0.0,1.0,0.0
AMC,2021-04-04,0.0,0.0,1.0,0.0
AMC,2021-04-04,0.765,0.0,0.513,0.487
AMC,2021-04-04,0.0,0.0,1.0,0.0
AMC,2021-04-04,0.0,0.0,1.0,0.0
AMC,2021-04-04,-0.3412,0.231,0.769,0.0
AMC,2021-04-04,-0.2732,0.296,0.704,0.0
AMC,2021-04-04,0.4215,0.084,0.751,0.165
AMC,2021-04-04,0.0,0.0,1.0,0.0
AMC,2021-04-04,0.0772,0.158,0.667,0.176
AMC,2021-04-04,0.0,0.0,1.0,0.0
AMC,2021-04-04,0.2894,0.052,0.859,0.089
AMC,2021-04-04,0.0,0.0,1.0,0.0
AMC,2021-04-04,0.0772,0.0,0.86,0.14
AMC,2021-04-04,0.4404,0.0,0.633,0.367
AMC,2021-04-04,-0.4019,0.73,0.27,0.0
AMC,2021-04-04,0.0,0.0,1.0,0.0
AMC,2021-04-04,0.34,0.0,0.854,0.146
AMC,2021-04-04,0.4404,0.0,0.408,0.592
AMC,2021-04-04,0.4404,0.0,0.408,0.592
AMC,2021-04-04,0.4404,0.0,0.408,0.592
AMC,2021-04-04,0.4278,0.0,0.857,0.143
AMC,2021-04-04,-0.4648,0.503,0.497,0.0
AMC,2021-04-04,0.5719,0.0,0.748,0.252
AMC,2021-04-04,0.3071,0.13,0.733,0.137
AMC,2021-04-04,0.296,0.0,0.761,0.239
AMC,2021-04-04,0.0,0.0,1.0,0.0
AMC,2021-04-04,0.0,0.0,1.0,0.0
AMC,2021-04-04,0.0,0.0,1.0,0.0
AMC,2021-04-04,0.296,0.0,0.909,0.091
AMC,2021-04-04,0.0,0.0,1.0,0.0
AMC,2021-04-04,0.0,0.0,1.0,0.0
AMC,2021-04-04,0.3182,0.0,0.723,0.277
AMC,2021-04-04,0.0,0.0,1.0,0.0
AMC,2021-04-04,0.2732,0.0,0.588,0.412
AMC,2021-04-04,0.0,0.0,1.0,0.0
AMC,2021-04-04,0.4019,0.0,0.526,0.474
AMC,2021-04-04,0.2732,0.0,0.588,0.412
AMC,2021-04-03,-0.4466,0.246,0.754,0.0
AMC,2021-04-03,0.0,0.0,1.0,0.0
AMC,2021-04-03,0.0,0.0,1.0,0.0
AMC,2021-04-03,0.296,0.0,0.833,0.167
AMC,2021-04-03,0.0,0.0,1.0,0.0
AMC,2021-04-03,0.0,0.0,1.0,0.0
AMC,2021-04-03,0.34,0.0,0.893,0.107
AMC,2021-04-03,0.3716,0.0,0.836,0.164
AMC,2021-04-03,0.0,0.0,1.0,0.0
AMC,2021-04-03,-0.8126,0.425,0.575,0.0
AMC,2021-04-03,-0.7384,0.329,0.574,0.097
AMC,2021-04-03,0.0,0.0,1.0,0.0
AMC,2021-04-03,0.0,0.0,1.0,0.0
AMC,2021-04-03,0.0,0.0,1.0,0.0
AMC,2021-04-03,0.0,0.0,1.0,0.0
AMC,2021-04-03,-0.4824,0.239,0.761,0.0
AMC,2021-04-03,0.4588,0.0,0.5,0.5
AMC,2021-04-03,0.0,0.0,1.0,0.0
AMC,2021-04-03,0.0,0.0,1.0,0.0
AMC,2021-04-03,0.0,0.0,1.0,0.0
AMC,2021-04-03,-0.7506,0.286,0.714,0.0
AMC,2021-04-03,0.5859,0.0,0.648,0.352
AMC,2021-04-03,0.0,0.0,1.0,0.0
AMC,2021-04-03,-0.3182,0.161,0.839,0.0
AMC,2021-04-03,0.0,0.0,1.0,0.0
AMC,2021-04-03,0.0,0.0,1.0,0.0
AMC,2021-04-03,0.4466,0.0,0.773,0.227
AMC,2021-04-03,0.0,0.0,1.0,0.0
AMC,2021-04-03,-0.2263,0.312,0.459,0.229
AMC,2021-04-03,0.5702,0.0,0.857,0.143
AMC,2021-04-03,0.34,0.0,0.893,0.107
AMC,2021-04-03,0.6166,0.0,0.825,0.175
AMC,2021-04-03,0.4404,0.0,0.508,0.492
AMC,2021-04-03,0.25,0.0,0.857,0.143
AMC,2021-04-03,0.0,0.0,1.0,0.0
AMC,2021-04-03,0.3919,0.0,0.841,0.159
AMC,2021-04-03,0.3182,0.0,0.685,0.315
AMC,2021-04-02,0.34,0.0,0.625,0.375
AMC,2021-04-02,0.0,0.0,1.0,0.0
AMC,2021-04-02,0.0,0.0,1.0,0.0
AMC,2021-04-02,0.0,0.0,1.0,0.0
AMC,2021-04-02,-0.7003,0.492,0.508,0.0
AMC,2021-04-02,0.0,0.0,1.0,0.0
AMC,2021-04-02,0.1779,0.0,0.855,0.145
AMC,2021-04-02,-0.1531,0.207,0.61,0.183
AMC,2021-04-02,0.0,0.0,1.0,0.0
AMC,2021-04-02,0.0,0.0,1.0,0.0
AMC,2021-04-02,0.0,0.0,1.0,0.0
AMC,2021-04-02,0.0,0.0,1.0,0.0
AMC,2021-04-02,0.5994,0.0,0.647,0.353
AMC,2021-04-02,0.0,0.0,1.0,0.0
AMC,2021-04-02,0.3612,0.031,0.905,0.064
AMC,2021-04-02,0.3412,0.0,0.853,0.147
AMC,2021-04-02,0.0,0.0,1.0,0.0
AMC,2021-04-02,0.0,0.0,1.0,0.0
AMC,2021-04-02,0.2023,0.0,0.899,0.101
AMC,2021-04-02,0.4494,0.0,0.815,0.185
AMC,2021-04-02,-0.2235,0.086,0.914,0.0
AMC,2021-04-02,-0.4939,0.615,0.385,0.0
AMC,2021-04-02,0.0,0.0,1.0,0.0
AMC,2021-04-02,0.2263,0.0,0.678,0.322
AMC,2021-04-02,0.25,0.073,0.791,0.136
AMC,2021-04-02,0.25,0.073,0.791,0.136
AMC,2021-04-02,0.0258,0.163,0.622,0.215
AMC,2021-04-02,0.0,0.0,1.0,0.0
AMC,2021-04-02,-0.4939,0.111,0.823,0.066
AMC,2021-04-02,0.0,0.0,1.0,0.0
AMC,2021-04-02,0.5106,0.0,0.602,0.398
AMC,2021-04-02,0.0,0.0,1.0,0.0
AMC,2021-04-02,0.3818,0.0,0.658,0.342
AMC,2021-04-02,0.6997,0.0,0.784,0.216
AMC,2021-04-02,0.296,0.0,0.476,0.524
AMC,2021-04-02,0.4404,0.0,0.775,0.225
AMC,2021-04-02,0.0,0.0,1.0,0.0
AMC,2021-04-02,0.516,0.153,0.58,0.267
AMC,2021-04-02,0.128,0.18,0.602,0.218
AMC,2021-04-02,0.4404,0.0,0.633,0.367
AMC,2021-04-01,0.8225,0.0,0.65,0.35
AMC,2021-04-01,0.6739,0.0,0.779,0.221
AMC,2021-04-01,0.0,0.0,1.0,0.0
AMC,2021-04-01,-0.4824,0.343,0.657,0.0
AMC,2021-04-01,0.4939,0.0,0.789,0.211
AMC,2021-04-01,-0.0516,0.134,0.741,0.125
AMC,2021-04-01,0.0,0.0,1.0,0.0
AMC,2021-04-01,-0.0258,0.109,0.891,0.0
AMC,2021-04-01,0.6258,0.0,0.696,0.304
AMC,2021-04-01,-0.6408,0.412,0.448,0.141
AMC,2021-04-01,-0.4784,0.255,0.745,0.0
AMC,2021-04-01,0.6124,0.08,0.739,0.181
AMC,2021-04-01,-0.0516,0.125,0.726,0.149
AMC,2021-04-01,-0.0516,0.125,0.726,0.149
AMC,2021-04-01,0.0516,0.169,0.724,0.107
AMC,2021-04-01,0.0,0.0,1.0,0.0
AMC,2021-04-01,0.0,0.0,1.0,0.0
AMC,2021-04-01,-0.3182,0.277,0.723,0.0
AMC,2021-04-01,0.0,0.0,1.0,0.0
AMC,2021-04-01,0.4019,0.0,0.769,0.231
AMC,2021-04-01,0.7003,0.0,0.707,0.293
AMC,2021-04-01,0.0,0.0,1.0,0.0
AMC,2021-04-01,0.0,0.0,1.0,0.0
AMC,2021-04-01,0.296,0.0,0.804,0.196
AMC,2021-04-01,0.296,0.0,0.864,0.136
AMC,2021-04-01,0.0,0.0,1.0,0.0
AMC,2021-04-01,-0.2235,0.086,0.914,0.0
AMC,2021-04-01,0.0,0.0,1.0,0.0
AMC,2021-04-01,-0.3321,0.111,0.889,0.0
AMC,2021-04-01,0.8573,0.0,0.654,0.346
AMC,2021-04-01,0.0,0.0,1.0,0.0
AMC,2021-04-01,0.6369,0.0,0.781,0.219
AMC,2021-04-01,0.0,0.0,1.0,0.0
AMC,2021-04-01,-0.5165,0.281,0.563,0.156
AMC,2021-04-01,-0.4715,0.304,0.543,0.153
AMC,2021-04-01,0.7964,0.0,0.426,0.574
AMC,2021-04-01,0.0516,0.219,0.479,0.301
AMC,2021-04-01,0.0,0.0,1.0,0.0
AMC,2021-04-01,0.296,0.0,0.645,0.355
AMC,2021-04-01,0.6597,0.0,0.649,0.351
AMC,2021-04-01,0.4019,0.0,0.769,0.231
AMC,2021-04-01,0.296,0.0,0.855,0.145
AMC,2021-04-01,0.0,0.0,1.0,0.0
AMC,2021-04-01,0.0,0.0,1.0,0.0
AMC,2021-04-01,0.296,0.0,0.732,0.268
AMC,2021-04-01,0.0,0.0,1.0,0.0
AMC,2021-04-01,0.0,0.0,1.0,0.0
AMC,2021-04-01,0.3612,0.0,0.828,0.172
AMC,2021-04-01,0.0,0.0,1.0,0.0
AMC,2021-04-01,0.5267,0.065,0.769,0.166
AMC,2021-04-01,0.0,0.0,1.0,0.0
AMC,2021-04-01,0.296,0.0,0.732,0.268
AMC,2021-04-01,0.7579,0.0,0.615,0.385
AMC,2021-04-01,0.296,0.0,0.761,0.239
AMC,2021-04-01,0.6124,0.0,0.583,0.417
AMC,2021-04-01,0.0,0.0,1.0,0.0
AMC,2021-04-01,0.0,0.0,1.0,0.0
AMC,2021-04-01,-0.6037,0.216,0.692,0.092
AMC,2021-04-01,0.0,0.0,1.0,0.0
AMC,2021-04-01,0.0,0.0,1.0,0.0
AMC,2021-04-01,0.6249,0.0,0.785,0.215
AMC,2021-04-01,0.0,0.0,1.0,0.0
AMC,2021-04-01,0.0,0.0,1.0,0.0
AMC,2021-04-01,0.3566,0.0,0.866,0.134
AMC,2021-04-01,0.0,0.0,1.0,0.0
AMC,2021-04-01,0.9561,0.0,0.62,0.38
AMC,2021-04-01,0.0,0.0,1.0,0.0
AMC,2021-04-01,0.2217,0.1,0.759,0.141
AMC,2021-04-01,0.0,0.0,1.0,0.0
AMC,2021-04-01,0.0,0.0,1.0,0.0
AMC,2021-04-01,0.0,0.0,1.0,0.0
AMC,2021-04-01,0.4549,0.0,0.937,0.063
AMC,2021-04-01,0.0,0.0,1.0,0.0
AMC,2021-04-01,0.0201,0.084,0.826,0.09
AMC,2021-04-01,0.0258,0.099,0.798,0.103
AMC,2021-04-01,-0.1531,0.172,0.676,0.152
AMC,2021-04-01,0.4939,0.0,0.686,0.314
AMC,2021-04-01,-0.4404,0.097,0.903,0.0
AMC,2021-04-01,0.0,0.0,1.0,0.0
AMC,2021-04-01,0.0,0.0,1.0,0.0
AMC,2021-04-01,0.296,0.0,0.879,0.121
AMC,2021-04-01,0.0,0.0,1.0,0.0
AMC,2021-04-01,0.0,0.0,1.0,0.0
AMC,2021-04-01,0.0,0.0,1.0,0.0
AMC,2021-04-01,0.0,0.0,1.0,0.0
AMC,2021-03-31,-0.719,0.197,0.707,0.096
AMC,2021-03-31,-0.7351,0.135,0.865,0.0
AMC,2021-03-31,0.0,0.0,1.0,0.0
AMC,2021-03-31,0.0,0.0,1.0,0.0
AMC,2021-03-31,0.0,0.0,1.0,0.0
AMC,2021-03-31,0.8268,0.0,0.792,0.208
AMC,2021-03-31,0.0,0.0,1.0,0.0
AMC,2021-03-31,0.9499,0.0,0.648,0.352
AMC,2021-03-31,0.7351,0.0,0.677,0.323
AMC,2021-03-31,0.5267,0.0,0.833,0.167
AMC,2021-03-31,0.0,0.0,1.0,0.0
AMC,2021-03-31,-0.8877,0.477,0.421,0.102
AMC,2021-03-31,0.3612,0.0,0.545,0.455
AMC,2021-03-31,0.0,0.0,1.0,0.0
AMC,2021-03-31,0.9246,0.0,0.644,0.356
AMC,2021-03-31,0.6908,0.0,0.659,0.341
AMC,2021-03-31,-0.4215,0.237,0.763,0.0
AMC,2021-03-31,-0.4215,0.237,0.763,0.0
AMC,2021-03-31,-0.4215,0.237,0.763,0.0
AMC,2021-03-31,0.0,0.0,1.0,0.0
AMC,2021-03-31,0.0,0.0,1.0,0.0
AMC,2021-03-31,0.802,0.072,0.686,0.242
AMC,2021-03-31,0.7531,0.0,0.828,0.172
AMC,2021-03-31,-0.3182,0.187,0.695,0.118
AMC,2021-03-31,0.296,0.0,0.845,0.155
AMC,2021-03-31,0.4939,0.0,0.686,0.314
AMC,2021-03-31,-0.186,0.095,0.835,0.07
AMC,2021-03-31,0.4404,0.0,0.633,0.367
AMC,2021-03-31,0.0,0.0,1.0,0.0
AMC,2021-03-31,0.5023,0.0,0.905,0.095
AMC,2021-03-31,0.296,0.0,0.645,0.355
AMC,2021-03-31,0.0,0.0,1.0,0.0
AMC,2021-03-31,0.0,0.0,1.0,0.0
AMC,2021-03-31,0.0,0.0,1.0,0.0
AMC,2021-03-31,0.4019,0.0,0.526,0.474
AMC,2021-03-31,0.0,0.0,1.0,0.0
AMC,2021-03-31,0.0,0.0,1.0,0.0
AMC,2021-03-31,0.2263,0.0,0.678,0.322
AMC,2021-03-31,0.0,0.0,1.0,0.0
AMC,2021-03-31,0.0,0.0,1.0,0.0
AMC,2021-03-31,0.0,0.0,1.0,0.0
AMC,2021-03-31,0.0,0.0,1.0,0.0
AMC,2021-03-31,0.0,0.0,1.0,0.0
AMC,2021-03-31,0.2263,0.0,0.872,0.128
AMC,2021-03-31,0.5927,0.0,0.757,0.243
AMC,2021-03-31,0.0,0.0,1.0,0.0
AMC,2021-03-31,0.6104,0.0,0.765,0.235
AMC,2021-03-31,0.4588,0.0,0.769,0.231
AMC,2021-03-31,0.0,0.0,1.0,0.0
AMC,2021-03-31,0.0,0.0,1.0,0.0
AMC,2021-03-31,0.34,0.0,0.833,0.167
AMC,2021-03-31,0.0,0.0,1.0,0.0
AMC,2021-03-31,0.2263,0.0,0.942,0.058
AMC,2021-03-31,0.0,0.0,1.0,0.0
AMC,2021-03-31,0.5267,0.0,0.833,0.167
AMC,2021-03-31,0.4215,0.0,0.588,0.412
AMC,2021-03-31,0.0,0.0,1.0,0.0
AMC,2021-03-31,0.0772,0.123,0.739,0.138
SOS,2021-04-07,0.0,0.0,1.0,0.0
SOS,2021-04-07,0.0,0.0,1.0,0.0
SOS,2021-04-07,0.0,0.0,1.0,0.0
SOS,2021-04-07,0.0,0.0,1.0,0.0
SOS,2021-04-07,0.0,0.0,1.0,0.0
SOS,2021-04-07,0.0,0.0,1.0,0.0
SOS,2021-04-07,0.4278,0.0,0.585,0.415
SOS,2021-04-07,-0.5106,0.767,0.233,0.0
SOS,2021-04-07,0.4588,0.0,0.857,0.143
SOS,2021-04-07,0.0,0.0,1.0,0.0
SOS,2021-04-07,0.4939,0.0,0.556,0.444
SOS,2021-04-07,0.0,0.0,1.0,0.0
SOS,2021-04-07,0.5499,0.0,0.818,0.182
SOS,2021-04-07,0.0,0.0,1.0,0.0
SOS,2021-04-07,0.4588,0.0,0.786,0.214
SOS,2021-04-07,0.0,0.0,1.0,0.0
SOS,2021-04-07,0.0,0.0,1.0,0.0
SOS,2021-04-07,0.296,0.0,0.732,0.268
SOS,2021-04-07,-0.296,0.196,0.804,0.0
SOS,2021-04-07,-0.2263,0.655,0.345,0.0
SOS,2021-04-07,0.0,0.0,1.0,0.0
SOS,2021-04-07,-0.2263,0.322,0.678,0.0
SOS,2021-04-07,0.0,0.0,1.0,0.0
SOS,2021-04-07,0.0,0.0,1.0,0.0
SOS,2021-04-07,0.0,0.0,1.0,0.0
SOS,2021-04-07,0.0,0.0,1.0,0.0
SOS,2021-04-07,0.0688,0.21,0.559,0.231
SOS,2021-04-07,0.8859,0.033,0.742,0.225
SOS,2021-04-07,-0.4019,0.122,0.816,0.061
SOS,2021-04-07,0.0,0.0,1.0,0.0
SOS,2021-04-07,-0.2263,0.388,0.612,0.0
SOS,2021-04-07,0.0,0.0,1.0,0.0
SOS,2021-04-07,0.0,0.0,1.0,0.0
SOS,2021-04-07,-0.2263,0.213,0.787,0.0
SOS,2021-04-07,0.0,0.0,1.0,0.0
SOS,2021-04-07,0.0,0.0,1.0,0.0
SOS,2021-04-07,-0.2263,0.322,0.678,0.0
SOS,2021-04-07,-0.2263,0.322,0.678,0.0
SOS,2021-04-07,-0.2263,0.388,0.612,0.0
SOS,2021-04-07,0.3898,0.0,0.901,0.099
SOS,2021-04-07,0.0,0.0,1.0,0.0
SOS,2021-04-07,0.0,0.0,1.0,0.0
SOS,2021-04-07,0.0,0.0,1.0,0.0
SOS,2021-04-07,0.507,0.0,0.709,0.291
SOS,2021-04-07,0.7351,0.111,0.586,0.302
SOS,2021-04-07,0.0,0.0,1.0,0.0
SOS,2021-04-07,0.0,0.0,1.0,0.0
SOS,2021-04-07,0.0,0.0,1.0,0.0
SOS,2021-04-07,0.0,0.0,1.0,0.0
SOS,2021-04-07,0.0,0.0,1.0,0.0
SOS,2021-04-07,-0.296,0.268,0.732,0.0
SOS,2021-04-07,0.0,0.0,1.0,0.0
SOS,2021-04-07,0.0,0.0,1.0,0.0
SOS,2021-04-07,0.0,0.0,1.0,0.0
SOS,2021-04-07,0.5106,0.0,0.377,0.623
SOS,2021-04-07,0.0,0.0,1.0,0.0
SOS,2021-04-07,0.0,0.0,1.0,0.0
SOS,2021-04-07,-0.2263,0.213,0.787,0.0
SOS,2021-04-07,0.0,0.0,1.0,0.0
SOS,2021-04-07,0.0,0.0,1.0,0.0
SOS,2021-04-07,-0.2732,0.228,0.621,0.152
SOS,2021-04-07,-0.7749,0.168,0.796,0.037
SOS,2021-04-07,0.0,0.0,1.0,0.0
SOS,2021-04-07,0.0,0.0,1.0,0.0
SOS,2021-04-07,0.296,0.0,0.855,0.145
SOS,2021-04-07,-0.5267,0.167,0.833,0.0
SOS,2021-04-07,-0.5267,0.167,0.833,0.0
SOS,2021-04-07,0.0,0.0,1.0,0.0
SOS,2021-04-07,0.0,0.0,1.0,0.0
SOS,2021-04-07,0.296,0.0,0.577,0.423
SOS,2021-04-07,0.0,0.0,1.0,0.0
SOS,2021-04-07,-0.5267,0.167,0.833,0.0
SOS,2021-04-07,0.0,0.0,1.0,0.0
SOS,2021-04-07,0.0,0.0,1.0,0.0
SOS,2021-04-07,0.2732,0.0,0.656,0.344
SOS,2021-04-07,0.0,0.0,1.0,0.0
SOS,2021-04-06,0.0,0.0,1.0,0.0
SOS,2021-04-06,-0.4404,0.326,0.674,0.0
SOS,2021-04-06,0.0,0.0,1.0,0.0
SOS,2021-04-06,0.0,0.0,1.0,0.0
SOS,2021-04-06,0.0,0.0,1.0,0.0
SOS,2021-04-06,0.3612,0.0,0.783,0.217
SOS,2021-04-06,0.3724,0.0,0.585,0.415
SOS,2021-04-06,0.0,0.0,1.0,0.0
SOS,2021-04-06,0.0,0.0,1.0,0.0
SOS,2021-04-06,0.5106,0.0,0.645,0.355
SOS,2021-04-06,0.0,0.0,1.0,0.0
SOS,2021-04-06,-0.2263,0.192,0.808,0.0
SOS,2021-04-06,0.0,0.0,1.0,0.0
SOS,2021-04-06,-0.8038,0.508,0.492,0.0
SOS,2021-04-06,-0.34,0.324,0.676,0.0
SOS,2021-04-06,0.0,0.0,1.0,0.0
SOS,2021-04-06,0.0,0.0,1.0,0.0
SOS,2021-04-06,0.3612,0.0,0.815,0.185
SOS,2021-04-06,0.0,0.0,1.0,0.0
SOS,2021-04-06,-0.6408,0.458,0.542,0.0
SOS,2021-04-06,0.0,0.0,1.0,0.0
SOS,2021-04-06,0.0,0.0,1.0,0.0
SOS,2021-04-06,-0.3182,0.365,0.635,0.0
SOS,2021-04-06,0.0,0.0,1.0,0.0
SOS,2021-04-06,-0.2263,0.388,0.612,0.0
SOS,2021-04-06,0.0,0.0,1.0,0.0
SOS,2021-04-06,0.0,0.0,1.0,0.0
SOS,2021-04-06,0.4019,0.0,0.426,0.574
SOS,2021-04-06,-0.6597,0.355,0.645,0.0
SOS,2021-04-06,-0.3254,0.325,0.45,0.225
SOS,2021-04-06,-0.3841,0.339,0.441,0.22
SOS,2021-04-05,0.0,0.0,1.0,0.0
SOS,2021-04-05,0.0,0.0,1.0,0.0
SOS,2021-04-05,0.0,0.0,1.0,0.0
SOS,2021-04-03,0.0,0.0,1.0,0.0
SOS,2021-04-02,0.0,0.0,1.0,0.0
SOS,2021-04-02,0.0,0.0,1.0,0.0
SOS,2021-04-01,0.0,0.0,1.0,0.0
SOS,2021-04-01,0.0,0.0,1.0,0.0
SOS,2021-04-01,0.0,0.0,1.0,0.0
SOS,2021-04-01,0.0,0.0,1.0,0.0
SOS,2021-04-01,0.0,0.0,1.0,0.0
SOS,2021-04-01,-0.2263,0.388,0.612,0.0
SOS,2021-04-01,0.6908,0.0,0.86,0.14
SOS,2021-04-01,-0.2263,0.388,0.612,0.0
SOS,2021-04-01,0.5574,0.0,0.603,0.397
SOS,2021-04-01,0.0,0.0,1.0,0.0
SOS,2021-03-31,0.0,0.0,1.0,0.0
SOS,2021-03-31,-0.2057,0.312,0.688,0.0
SOS,2021-03-31,-0.6523,0.283,0.717,0.0
SOS,2021-03-31,0.6705,0.0,0.621,0.379
SOS,2021-03-31,0.0,0.0,1.0,0.0
SOS,2021-03-31,-0.4995,0.204,0.699,0.097
SOS,2021-03-31,0.0,0.0,1.0,0.0
PLTR,2021-04-07,0.6908,0.0,0.513,0.487
PLTR,2021-04-07,0.7856,0.0,0.639,0.361
PLTR,2021-04-07,0.0,0.0,1.0,0.0
PLTR,2021-04-07,0.8986,0.0,0.537,0.463
PLTR,2021-04-07,0.7184,0.068,0.685,0.247
PLTR,2021-04-07,0.4019,0.0,0.769,0.231
PLTR,2021-04-07,0.0,0.0,1.0,0.0
PLTR,2021-04-07,0.0,0.0,1.0,0.0
PLTR,2021-04-07,-0.4404,0.132,0.868,0.0
PLTR,2021-04-07,0.1779,0.084,0.803,0.112
PLTR,2021-04-06,0.0,0.0,1.0,0.0
PLTR,2021-04-06,-0.34,0.167,0.833,0.0
PLTR,2021-04-06,0.0,0.0,1.0,0.0
PLTR,2021-04-06,0.2732,0.0,0.656,0.344
PLTR,2021-04-06,-0.296,0.196,0.804,0.0
PLTR,2021-04-06,0.0,0.0,1.0,0.0
PLTR,2021-04-06,0.0,0.0,1.0,0.0
PLTR,2021-04-06,0.0,0.0,1.0,0.0
PLTR,2021-04-06,0.4278,0.0,0.779,0.221
PLTR,2021-04-06,0.0,0.0,1.0,0.0
PLTR,2021-04-06,0.6739,0.0,0.783,0.217
PLTR,2021-04-05,0.0,0.0,1.0,0.0
PLTR,2021-04-05,0.6808,0.135,0.608,0.257
PLTR,2021-04-05,0.4588,0.0,0.5,0.5
PLTR,2021-04-05,0.0,0.0,1.0,0.0
PLTR,2021-04-05,0.0,0.0,1.0,0.0
PLTR,2021-04-05,0.6249,0.0,0.611,0.389
PLTR,2021-04-05,0.0,0.0,1.0,0.0
PLTR,2021-04-05,0.0,0.0,1.0,0.0
PLTR,2021-04-05,0.0,0.0,1.0,0.0
PLTR,2021-04-05,0.0,0.0,1.0,0.0
PLTR,2021-04-05,0.0,0.0,1.0,0.0
PLTR,2021-04-05,0.4404,0.0,0.791,0.209
PLTR,2021-04-05,0.4404,0.0,0.791,0.209
PLTR,2021-04-05,0.0,0.0,1.0,0.0
PLTR,2021-04-05,-0.7184,0.412,0.588,0.0
PLTR,2021-04-05,0.3182,0.0,0.685,0.315
PLTR,2021-04-05,0.0,0.0,1.0,0.0
PLTR,2021-04-04,0.5574,0.079,0.714,0.207
PLTR,2021-04-04,0.0,0.0,1.0,0.0
PLTR,2021-04-04,0.5574,0.079,0.714,0.207
PLTR,2021-04-04,0.0,0.0,1.0,0.0
PLTR,2021-04-04,0.6486,0.08,0.671,0.249
PLTR,2021-04-04,0.0,0.0,1.0,0.0
PLTR,2021-04-03,0.6486,0.085,0.648,0.266
PLTR,2021-04-03,0.6486,0.085,0.648,0.266
PLTR,2021-04-03,0.6486,0.085,0.648,0.266
PLTR,2021-04-03,0.3182,0.0,0.827,0.173
PLTR,2021-04-02,0.3182,0.0,0.465,0.535
PLTR,2021-04-02,0.0,0.0,1.0,0.0
PLTR,2021-04-02,0.128,0.102,0.755,0.143
PLTR,2021-04-02,0.0,0.0,1.0,0.0
PLTR,2021-04-02,0.0,0.0,1.0,0.0
PLTR,2021-04-02,0.0,0.0,1.0,0.0
PLTR,2021-04-02,0.0,0.0,1.0,0.0
PLTR,2021-04-02,0.4404,0.0,0.58,0.42
PLTR,2021-04-02,0.3612,0.0,0.815,0.185
PLTR,2021-04-02,0.6166,0.0,0.284,0.716
PLTR,2021-04-02,0.4278,0.0,0.809,0.191
PLTR,2021-04-02,0.2732,0.0,0.323,0.677
PLTR,2021-04-02,0.0,0.0,1.0,0.0
PLTR,2021-04-01,-0.9375,0.424,0.576,0.0
PLTR,2021-04-01,0.0,0.0,1.0,0.0
PLTR,2021-04-01,0.2732,0.0,0.588,0.412
PLTR,2021-04-01,0.2732,0.0,0.323,0.677
PLTR,2021-04-01,-0.3612,0.385,0.615,0.0
PLTR,2021-04-01,0.0,0.0,1.0,0.0
PLTR,2021-04-01,0.0,0.0,1.0,0.0
PLTR,2021-04-01,0.0,0.0,1.0,0.0
PLTR,2021-04-01,0.0,0.0,1.0,0.0
PLTR,2021-04-01,0.0,0.0,1.0,0.0
PLTR,2021-04-01,0.0,0.0,1.0,0.0
PLTR,2021-04-01,0.7717,0.0,0.691,0.309
PLTR,2021-04-01,0.4404,0.062,0.749,0.189
PLTR,2021-04-01,0.0,0.0,1.0,0.0
PLTR,2021-04-01,0.0,0.0,1.0,0.0
PLTR,2021-04-01,0.0,0.0,1.0,0.0
PLTR,2021-04-01,-0.5719,0.291,0.709,0.0
PLTR,2021-03-31,0.0,0.0,1.0,0.0
PLTR,2021-03-31,0.0,0.0,1.0,0.0
PLTR,2021-03-31,0.0736,0.249,0.551,0.2
PLTR,2021-03-31,0.34,0.0,0.745,0.255
PLTR,2021-03-31,0.0258,0.0,0.82,0.18
PLTR,2021-03-31,-0.296,0.306,0.694,0.0
PLTR,2021-03-31,0.8126,0.0,0.351,0.649
PLTR,2021-03-31,0.8126,0.0,0.351,0.649
PLTR,2021-03-31,0.296,0.0,0.694,0.306
PLTR,2021-03-31,-0.5267,0.116,0.884,0.0
PLTR,2021-03-31,0.0,0.0,1.0,0.0
PLTR,2021-03-31,0.5994,0.0,0.588,0.412
PLTR,2021-03-31,0.5994,0.0,0.588,0.412
PLTR,2021-03-31,0.5994,0.0,0.588,0.412
PLTR,2021-03-31,-0.4767,0.256,0.744,0.0
PLTR,2021-03-31,-0.4767,0.256,0.744,0.0
PLTR,2021-03-31,-0.4215,0.219,0.781,0.0
PLTR,2021-03-31,0.8555,0.0,0.323,0.677
PLTR,2021-03-31,0.6369,0.0,0.488,0.512
PLTR,2021-03-31,-0.4767,0.307,0.693,0.0
PLTR,2021-03-31,0.0,0.0,1.0,0.0
PLTR,2021-03-31,-0.1027,0.259,0.741,0.0
PLTR,2021-03-31,-0.5267,0.208,0.669,0.123
PLTR,2021-03-31,-0.5719,0.425,0.575,0.0
BB,2021-04-07,0.4927,0.0,0.61,0.39
BB,2021-04-07,0.2716,0.147,0.63,0.223
BB,2021-04-07,-0.5719,0.198,0.802,0.0
BB,2021-04-07,0.0,0.0,1.0,0.0
BB,2021-04-07,0.0,0.0,1.0,0.0
BB,2021-04-07,0.0,0.0,1.0,0.0
BB,2021-04-07,0.0,0.0,1.0,0.0
BB,2021-04-07,0.0,0.0,1.0,0.0
BB,2021-04-07,0.0,0.0,1.0,0.0
BB,2021-04-07,0.4404,0.0,0.707,0.293
BB,2021-04-07,0.0,0.0,1.0,0.0
BB,2021-04-07,0.0,0.0,1.0,0.0
BB,2021-04-07,0.3818,0.0,0.833,0.167
BB,2021-04-07,0.3182,0.0,0.874,0.126
BB,2021-04-07,0.0,0.0,1.0,0.0
BB,2021-04-07,0.0,0.0,1.0,0.0
BB,2021-04-07,0.0,0.0,1.0,0.0
BB,2021-04-07,0.0,0.0,1.0,0.0
BB,2021-04-07,0.6249,0.157,0.546,0.297
BB,2021-04-06,0.0,0.0,1.0,0.0
BB,2021-04-06,0.0,0.0,1.0,0.0
BB,2021-04-06,0.0,0.0,1.0,0.0
BB,2021-04-06,0.0,0.0,1.0,0.0
BB,2021-04-06,0.0,0.0,1.0,0.0
BB,2021-04-06,0.0,0.0,1.0,0.0
BB,2021-04-06,0.2732,0.0,0.488,0.512
BB,2021-04-06,0.0,0.0,1.0,0.0
BB,2021-04-06,0.0,0.0,1.0,0.0
BB,2021-04-06,-0.34,0.194,0.806,0.0
BB,2021-04-06,-0.4767,0.22,0.78,0.0
BB,2021-04-06,0.7269,0.067,0.719,0.213
BB,2021-04-06,0.6946,0.0,0.765,0.235
BB,2021-04-06,0.6946,0.0,0.765,0.235
BB,2021-04-05,0.0,0.0,1.0,0.0
BB,2021-04-05,0.0,0.0,1.0,0.0
BB,2021-04-05,0.2732,0.0,0.488,0.512
BB,2021-04-05,0.0,0.0,1.0,0.0
BB,2021-04-05,0.0,0.0,1.0,0.0
BB,2021-04-05,0.0,0.0,1.0,0.0
BB,2021-04-05,-0.0572,0.12,0.88,0.0
BB,2021-04-05,0.5574,0.0,0.526,0.474
BB,2021-04-05,0.0,0.0,1.0,0.0
BB,2021-04-05,0.0,0.0,1.0,0.0
BB,2021-04-05,0.0,0.0,1.0,0.0
BB,2021-04-05,0.0,0.0,1.0,0.0
BB,2021-04-05,0.0,0.0,1.0,0.0
BB,2021-04-05,0.3612,0.0,0.615,0.385
BB,2021-04-05,-0.5423,0.778,0.222,0.0
BB,2021-04-04,0.0,0.0,1.0,0.0
BB,2021-04-04,0.2732,0.0,0.488,0.512
BB,2021-04-04,0.4278,0.0,0.514,0.486
BB,2021-04-04,0.0,0.0,1.0,0.0
BB,2021-04-04,0.0,0.0,1.0,0.0
BB,2021-04-04,-0.3182,0.173,0.711,0.116
BB,2021-04-04,-0.3182,0.173,0.711,0.116
BB,2021-04-04,-0.3182,0.173,0.711,0.116
BB,2021-04-04,-0.3182,0.173,0.711,0.116
BB,2021-04-03,0.0,0.0,1.0,0.0
BB,2021-04-03,0.0,0.0,1.0,0.0
BB,2021-04-03,0.0,0.0,1.0,0.0
BB,2021-04-03,0.6249,0.0,0.785,0.215
BB,2021-04-02,0.3612,0.0,0.706,0.294
BB,2021-04-02,0.3612,0.0,0.667,0.333
BB,2021-04-02,0.6369,0.0,0.323,0.677
BB,2021-04-02,0.0,0.0,1.0,0.0
BB,2021-04-02,-0.0516,0.256,0.513,0.231
BB,2021-04-02,0.0,0.0,1.0,0.0
BB,2021-04-02,0.5859,0.0,0.78,0.22
BB,2021-04-02,0.0,0.0,1.0,0.0
BB,2021-04-02,0.6249,0.0,0.702,0.298
BB,2021-04-02,0.0,0.0,1.0,0.0
BB,2021-04-02,-0.5759,0.371,0.629,0.0
BB,2021-04-02,-0.8762,0.48,0.427,0.094
BB,2021-04-02,0.0,0.0,1.0,0.0
BB,2021-04-02,0.7577,0.0,0.519,0.481
BB,2021-04-02,-0.296,0.121,0.879,0.0
BB,2021-04-01,0.0,0.0,1.0,0.0
BB,2021-04-01,-0.3182,0.277,0.723,0.0
BB,2021-04-01,0.5563,0.0,0.909,0.091
BB,2021-04-01,0.0,0.0,1.0,0.0
BB,2021-04-01,0.0,0.0,1.0,0.0
BB,2021-04-01,0.0,0.0,1.0,0.0
BB,2021-04-01,0.296,0.0,0.934,0.066
BB,2021-04-01,0.0,0.0,1.0,0.0
BB,2021-04-01,0.0,0.0,1.0,0.0
BB,2021-04-01,0.5267,0.0,0.726,0.274
BB,2021-04-01,-0.2732,0.208,0.792,0.0
BB,2021-04-01,-0.5556,0.203,0.797,0.0
BB,2021-04-01,0.4588,0.0,0.769,0.231
BB,2021-04-01,0.4588,0.0,0.769,0.231
BB,2021-04-01,-0.7217,0.638,0.362,0.0
BB,2021-04-01,0.0,0.0,1.0,0.0
BB,2021-04-01,0.6652,0.0,0.669,0.331
BB,2021-04-01,-0.4019,0.197,0.803,0.0
BB,2021-03-31,0.0,0.0,1.0,0.0
BB,2021-03-31,0.6369,0.0,0.741,0.259
BB,2021-03-31,0.0772,0.0,0.606,0.394
BB,2021-03-31,0.4939,0.0,0.789,0.211
BB,2021-03-31,-0.3182,0.277,0.723,0.0
BB,2021-03-31,-0.2732,0.344,0.656,0.0
BB,2021-03-31,-0.2732,0.344,0.656,0.0
BB,2021-03-31,0.2263,0.0,0.863,0.137
BB,2021-03-31,0.0,0.0,1.0,0.0
BB,2021-03-31,0.0,0.0,1.0,0.0
BB,2021-03-31,0.0,0.0,1.0,0.0
BB,2021-03-31,0.3612,0.0,0.615,0.385
BB,2021-03-31,0.0,0.0,1.0,0.0
BB,2021-03-31,-0.3182,0.187,0.813,0.0
BB,2021-03-31,-0.5859,0.322,0.678,0.0
BB,2021-03-31,0.1477,0.0,0.91,0.09
BB,2021-03-31,-0.3182,0.434,0.566,0.0
BB,2021-03-31,-0.5859,0.352,0.648,0.0
BB,2021-03-31,-0.7506,0.416,0.584,0.0
BB,2021-03-31,0.0,0.0,1.0,0.0
BB,2021-03-31,0.0,0.0,1.0,0.0
BB,2021-03-31,0.0,0.0,1.0,0.0
BB,2021-03-31,0.4404,0.0,0.633,0.367
BB,2021-03-31,-0.2095,0.23,0.627,0.143
BB,2021-03-31,0.0,0.0,1.0,0.0
BB,2021-03-31,0.5023,0.0,0.905,0.095
BB,2021-03-31,0.0,0.0,1.0,0.0
BB,2021-03-31,0.1604,0.153,0.656,0.191
BB,2021-03-31,-0.5023,0.213,0.787,0.0
BB,2021-03-31,0.0,0.0,1.0,0.0
BB,2021-03-31,-0.3612,0.167,0.751,0.082
BB,2021-03-31,0.2716,0.0,0.793,0.207
BB,2021-03-31,0.3477,0.212,0.486,0.303
BB,2021-03-31,0.0,0.0,1.0,0.0
BB,2021-03-31,0.1695,0.0,0.844,0.156
BB,2021-03-31,0.0,0.0,1.0,0.0
BB,2021-03-31,0.0,0.0,1.0,0.0
BB,2021-03-31,0.2716,0.0,0.793,0.207
BB,2021-03-31,0.2263,0.38,0.127,0.494
BB,2021-03-31,-0.5423,0.429,0.571,0.0
BB,2021-03-31,0.4278,0.0,0.738,0.262
BB,2021-03-31,0.0,0.0,1.0,0.0
BB,2021-03-31,0.0,0.0,1.0,0.0
BB,2021-03-31,0.0,0.0,1.0,0.0
BB,2021-03-31,0.34,0.0,0.789,0.211
BB,2021-03-31,0.0,0.0,1.0,0.0
TSLA,2021-04-07,0.0,0.0,1.0,0.0
TSLA,2021-04-06,0.0,0.0,1.0,0.0
TSLA,2021-04-06,0.0,0.0,1.0,0.0
TSLA,2021-04-06,0.0,0.0,1.0,0.0
TSLA,2021-04-06,0.0,0.0,1.0,0.0
TSLA,2021-04-06,0.0,0.0,1.0,0.0
TSLA,2021-04-06,0.296,0.0,0.476,0.524
TSLA,2021-04-05,-0.3182,0.187,0.813,0.0
TSLA,2021-04-05,0.4278,0.0,0.679,0.321
TSLA,2021-04-05,-0.3182,0.187,0.813,0.0
TSLA,2021-04-05,0.0,0.0,1.0,0.0
TSLA,2021-04-05,0.4215,0.178,0.444,0.378
TSLA,2021-04-05,0.6808,0.135,0.608,0.257
TSLA,2021-04-05,0.6808,0.14,0.594,0.266
TSLA,2021-04-05,0.0,0.0,1.0,0.0
TSLA,2021-04-05,0.0,0.0,1.0,0.0
TSLA,2021-04-05,0.0,0.0,1.0,0.0
TSLA,2021-04-05,0.0,0.0,1.0,0.0
TSLA,2021-04-05,0.0,0.0,1.0,0.0
TSLA,2021-04-05,0.7269,0.0,0.643,0.357
TSLA,2021-04-05,0.4588,0.0,0.769,0.231
TSLA,2021-04-05,0.6369,0.0,0.795,0.205
TSLA,2021-04-05,0.5719,0.0,0.856,0.144
TSLA,2021-04-05,0.0,0.0,1.0,0.0
TSLA,2021-04-05,-0.4648,0.233,0.767,0.0
TSLA,2021-04-05,-0.21,0.101,0.853,0.046
TSLA,2021-04-05,-0.6652,0.182,0.818,0.0
TSLA,2021-04-04,-0.3818,0.394,0.606,0.0
TSLA,2021-04-04,0.0,0.0,1.0,0.0
TSLA,2021-04-04,0.0,0.0,1.0,0.0
TSLA,2021-04-04,0.765,0.0,0.784,0.216
TSLA,2021-04-04,0.0,0.0,1.0,0.0
TSLA,2021-04-04,0.2732,0.0,0.704,0.296
TSLA,2021-04-04,0.0,0.0,1.0,0.0
TSLA,2021-04-04,0.2732,0.0,0.656,0.344
TSLA,2021-04-04,0.2732,0.0,0.656,0.344
TSLA,2021-04-04,0.296,0.0,0.804,0.196
TSLA,2021-04-04,0.0,0.0,1.0,0.0
TSLA,2021-04-04,0.0,0.0,1.0,0.0
TSLA,2021-04-04,0.0,0.0,1.0,0.0
TSLA,2021-04-04,0.4215,0.0,0.263,0.737
TSLA,2021-04-04,0.0,0.0,1.0,0.0
TSLA,2021-04-04,-0.296,0.217,0.652,0.13
TSLA,2021-04-04,0.0,0.0,1.0,0.0
TSLA,2021-04-03,0.4939,0.0,0.924,0.076
TSLA,2021-04-03,0.4939,0.0,0.924,0.076
TSLA,2021-04-03,0.0,0.0,1.0,0.0
TSLA,2021-04-03,0.0,0.0,1.0,0.0
TSLA,2021-04-03,0.0431,0.239,0.507,0.254
TSLA,2021-04-03,0.0,0.0,1.0,0.0
TSLA,2021-04-03,0.0,0.0,1.0,0.0
TSLA,2021-04-03,0.0,0.0,1.0,0.0
TSLA,2021-04-03,0.0,0.0,1.0,0.0
TSLA,2021-04-03,0.0,0.0,1.0,0.0
TSLA,2021-04-03,0.0,0.0,1.0,0.0
TSLA,2021-04-02,0.0,0.0,1.0,0.0
TSLA,2021-04-02,0.0,0.0,1.0,0.0
TSLA,2021-04-02,0.0,0.0,1.0,0.0
TSLA,2021-04-02,-0.296,0.084,0.916,0.0
TSLA,2021-04-02,-0.1027,0.254,0.526,0.219
TSLA,2021-04-02,0.0,0.0,1.0,0.0
TSLA,2021-04-02,0.0,0.0,1.0,0.0
TSLA,2021-04-02,0.0,0.0,1.0,0.0
TSLA,2021-04-01,0.0,0.0,1.0,0.0
TSLA,2021-04-01,0.0,0.0,1.0,0.0
TSLA,2021-04-01,-0.4767,0.22,0.78,0.0
TSLA,2021-04-01,-0.34,0.286,0.714,0.0
TSLA,2021-04-01,0.1531,0.0,0.882,0.118
TSLA,2021-04-01,0.7154,0.0,0.401,0.599
TSLA,2021-04-01,0.2023,0.0,0.913,0.087
TSLA,2021-04-01,-0.0516,0.081,0.845,0.074
TSLA,2021-04-01,0.431,0.0,0.849,0.151
TSLA,2021-03-31,0.2732,0.0,0.704,0.296
TSLA,2021-03-31,0.0,0.0,1.0,0.0
TSLA,2021-03-31,-0.5223,0.171,0.746,0.083
TSLA,2021-03-31,0.0,0.0,1.0,0.0
TSLA,2021-03-31,0.705,0.0,0.837,0.163
TSLA,2021-03-31,0.0,0.0,1.0,0.0
TSLA,2021-03-31,-0.1027,0.151,0.756,0.092
TSLA,2021-03-31,0.2023,0.09,0.769,0.141
SNDL,2021-04-07,0.0,0.0,1.0,0.0
SNDL,2021-04-07,0.4019,0.0,0.769,0.231
SNDL,2021-04-07,0.4019,0.0,0.769,0.231
SNDL,2021-04-07,0.5267,0.0,0.694,0.306
SNDL,2021-04-07,0.0,0.0,1.0,0.0
SNDL,2021-04-07,0.0,0.0,1.0,0.0
SNDL,2021-04-07,0.0,0.0,1.0,0.0
SNDL,2021-04-07,0.3182,0.0,0.566,0.434
SNDL,2021-04-07,0.0,0.0,1.0,0.0
SNDL,2021-04-07,0.0,0.0,1.0,0.0
SNDL,2021-04-07,0.0,0.0,1.0,0.0
SNDL,2021-04-06,0.0,0.0,1.0,0.0
SNDL,2021-04-06,-0.2263,0.137,0.863,0.0
SNDL,2021-04-06,0.128,0.0,0.769,0.231
SNDL,2021-04-06,0.0,0.0,1.0,0.0
SNDL,2021-04-06,0.0,0.0,1.0,0.0
SNDL,2021-04-06,0.0,0.0,1.0,0.0
SNDL,2021-04-06,0.0,0.0,1.0,0.0
SNDL,2021-04-06,0.0,0.0,1.0,0.0
SNDL,2021-04-06,0.6369,0.0,0.588,0.412
SNDL,2021-04-06,0.0,0.0,1.0,0.0
SNDL,2021-04-05,0.4404,0.0,0.633,0.367
SNDL,2021-04-05,0.2732,0.0,0.323,0.677
SNDL,2021-04-05,0.0,0.0,1.0,0.0
SNDL,2021-04-05,0.0,0.0,1.0,0.0
SNDL,2021-04-05,0.0,0.0,1.0,0.0
SNDL,2021-04-05,0.0,0.0,1.0,0.0
SNDL,2021-04-05,0.0,0.0,1.0,0.0
SNDL,2021-04-04,0.3071,0.13,0.733,0.137
SNDL,2021-04-04,0.0,0.0,1.0,0.0
SNDL,2021-04-04,0.0258,0.0,0.845,0.155
SNDL,2021-04-03,0.5423,0.0,0.71,0.29
SNDL,2021-04-03,0.0,0.0,1.0,0.0
SNDL,2021-04-03,0.0258,0.0,0.845,0.155
SNDL,2021-04-03,0.4588,0.0,0.5,0.5
SNDL,2021-04-03,0.6369,0.0,0.865,0.135
SNDL,2021-04-03,0.0,0.0,1.0,0.0
SNDL,2021-04-02,0.0,0.0,1.0,0.0
SNDL,2021-04-02,0.0,0.0,1.0,0.0
SNDL,2021-04-02,0.0,0.0,1.0,0.0
SNDL,2021-04-01,0.3612,0.0,0.94,0.06
SNDL,2021-04-01,0.0,0.0,1.0,0.0
SNDL,2021-04-01,0.0,0.0,1.0,0.0
SNDL,2021-04-01,0.0,0.0,1.0,0.0
SNDL,2021-04-01,-0.34,0.375,0.625,0.0
SNDL,2021-04-01,0.0,0.0,1.0,0.0
SNDL,2021-04-01,0.0,0.0,1.0,0.0
SNDL,2021-04-01,0.5319,0.0,0.466,0.534
SNDL,2021-04-01,0.0,0.0,1.0,0.0
SNDL,2021-04-01,-0.4019,0.474,0.526,0.0
SNDL,2021-03-31,0.0,0.0,1.0,0.0
SNDL,2021-03-31,0.34,0.0,0.87,0.13
SNDL,2021-03-31,-0.6428,0.321,0.679,0.0
SNDL,2021-03-31,0.34,0.0,0.806,0.194
SNDL,2021-03-31,0.5423,0.0,0.824,0.176
SNDL,2021-03-31,0.0,0.0,1.0,0.0
SNDL,2021-03-31,0.0,0.0,1.0,0.0
SNDL,2021-03-31,0.0,0.0,1.0,0.0
SNDL,2021-03-31,0.0,0.0,1.0,0.0
SNDL,2021-03-31,0.0,0.0,1.0,0.0
SNDL,2021-03-31,0.0,0.0,1.0,0.0
ASO,2021-04-07,-0.34,0.227,0.567,0.206
ASO,2021-04-07,0.0,0.0,1.0,0.0
ASO,2021-04-07,0.0,0.0,1.0,0.0
ASO,2021-04-07,-0.1027,0.185,0.655,0.161
ASO,2021-04-07,-0.1027,0.174,0.674,0.152
ASO,2021-04-07,0.0,0.0,1.0,0.0
ASO,2021-04-07,-0.7749,0.168,0.796,0.037
ASO,2021-04-07,0.0,0.0,1.0,0.0
ASO,2021-04-06,0.0,0.0,1.0,0.0
ASO,2021-04-06,0.2023,0.0,0.913,0.087
ASO,2021-04-06,0.0,0.0,1.0,0.0
ASO,2021-04-06,0.0,0.0,1.0,0.0
ASO,2021-04-06,0.6249,0.0,0.785,0.215
ASO,2021-04-06,0.0,0.0,1.0,0.0
ASO,2021-04-06,0.4019,0.0,0.787,0.213
ASO,2021-04-06,0.0,0.0,1.0,0.0
ASO,2021-04-06,0.0,0.0,1.0,0.0
ASO,2021-04-06,0.0,0.0,1.0,0.0
ASO,2021-04-06,0.0,0.0,1.0,0.0
ASO,2021-04-06,0.0,0.0,1.0,0.0
ASO,2021-04-06,0.5499,0.0,0.843,0.157
ASO,2021-04-06,0.0258,0.08,0.837,0.084
ASO,2021-04-06,0.545,0.0,0.862,0.138
ASO,2021-04-06,0.0,0.0,1.0,0.0
ASO,2021-04-06,0.0,0.0,1.0,0.0
ASO,2021-04-06,0.0,0.0,1.0,0.0
ASO,2021-04-06,0.0,0.0,1.0,0.0
ASO,2021-04-06,0.4278,0.0,0.738,0.262
ASO,2021-04-06,0.4404,0.0,0.903,0.097
ASO,2021-04-06,0.0,0.0,1.0,0.0
ASO,2021-04-05,0.0,0.0,1.0,0.0
ASO,2021-04-05,0.0,0.0,1.0,0.0
ASO,2021-04-05,0.0,0.0,1.0,0.0
ASO,2021-04-05,0.0,0.0,1.0,0.0
ASO,2021-04-05,0.4919,0.0,0.626,0.374
ASO,2021-04-05,-0.2263,0.119,0.881,0.0
ASO,2021-04-05,0.765,0.073,0.734,0.194
ASO,2021-04-05,0.8573,0.0,0.657,0.343
ASO,2021-04-05,0.0,0.0,1.0,0.0
ASO,2021-04-05,0.1531,0.167,0.625,0.208
ASO,2021-04-05,0.4588,0.0,0.5,0.5
ASO,2021-04-05,0.5719,0.0,0.778,0.222
ASO,2021-04-05,0.0,0.0,1.0,0.0
ASO,2021-04-05,0.0772,0.156,0.67,0.173
ASO,2021-04-05,0.34,0.0,0.676,0.324
ASO,2021-04-05,0.3612,0.0,0.8,0.2
ASO,2021-04-05,0.5423,0.0,0.182,0.818
ASO,2021-04-05,0.0,0.0,1.0,0.0
ASO,2021-04-04,0.0,0.0,1.0,0.0
ASO,2021-04-04,0.0,0.0,1.0,0.0
ASO,2021-04-04,0.0,0.0,1.0,0.0
ASO,2021-04-04,0.0772,0.158,0.667,0.176
ASO,2021-04-04,0.0,0.0,1.0,0.0
ASO,2021-04-04,-0.5574,0.265,0.735,0.0
ASO,2021-04-04,-0.5574,0.265,0.735,0.0
ASO,2021-04-04,0.0,0.0,1.0,0.0
ASO,2021-04-04,0.0,0.0,1.0,0.0
ASO,2021-04-03,0.34,0.0,0.294,0.706
ASO,2021-04-03,0.0,0.0,1.0,0.0
ASO,2021-04-03,0.0,0.0,1.0,0.0
ASO,2021-04-02,0.0,0.0,1.0,0.0
ASO,2021-04-02,0.0,0.0,1.0,0.0
ASO,2021-04-02,0.0,0.0,1.0,0.0
ASO,2021-04-02,0.0,0.0,1.0,0.0
ASO,2021-04-02,0.0,0.0,1.0,0.0
ASO,2021-04-01,0.4588,0.0,0.889,0.111
ASO,2021-04-01,0.0,0.0,1.0,0.0
ASO,2021-04-01,0.0,0.0,1.0,0.0
ASO,2021-04-01,0.0,0.0,1.0,0.0
ASO,2021-04-01,-0.3612,0.158,0.737,0.105
ASO,2021-04-01,0.4588,0.0,0.864,0.136
ASO,2021-04-01,-0.6597,0.329,0.671,0.0
ASO,2021-04-01,0.7662,0.058,0.684,0.258
ASO,2021-04-01,0.7096,0.0,0.604,0.396
ASO,2021-04-01,0.2732,0.0,0.656,0.344
ASO,2021-04-01,0.4278,0.0,0.712,0.288
ASO,2021-04-01,0.0,0.0,1.0,0.0
ASO,2021-04-01,0.6808,0.0,0.699,0.301
ASO,2021-04-01,0.0,0.0,1.0,0.0
ASO,2021-04-01,0.0,0.0,1.0,0.0
ASO,2021-04-01,0.4278,0.0,0.821,0.179
ASO,2021-03-31,0.0,0.0,1.0,0.0
ASO,2021-03-31,0.0,0.0,1.0,0.0
ASO,2021-03-31,0.0,0.0,1.0,0.0
ASO,2021-03-31,0.4404,0.0,0.847,0.153
ASO,2021-03-31,0.0,0.0,1.0,0.0
ASO,2021-03-31,0.4278,0.0,0.712,0.288
BTT,2021-04-07,0.0,0.0,1.0,0.0
BTT,2021-04-06,0.5267,0.0,0.469,0.531
BTT,2021-04-05,-0.5859,0.408,0.402,0.19
BTT,2021-04-05,0.7506,0.0,0.652,0.348
BTT,2021-04-05,0.0,0.0,1.0,0.0
BTT,2021-04-05,0.0,0.0,1.0,0.0
BTT,2021-04-05,0.296,0.0,0.645,0.355
BTT,2021-04-05,-0.34,0.545,0.455,0.0
BTT,2021-04-05,0.0,0.0,1.0,0.0
BTT,2021-04-05,0.0,0.0,1.0,0.0
BTT,2021-04-05,-0.25,0.182,0.818,0.0
BTT,2021-04-05,0.0,0.0,1.0,0.0
BTT,2021-04-05,0.0,0.0,1.0,0.0
BTT,2021-04-05,0.2732,0.0,0.741,0.259
BTT,2021-04-04,0.0,0.0,1.0,0.0
BTT,2021-04-04,0.0,0.0,1.0,0.0
BTT,2021-04-04,0.4939,0.0,0.775,0.225
BTT,2021-04-04,0.0,0.0,1.0,0.0
BTT,2021-04-04,0.1779,0.0,0.932,0.068
BTT,2021-04-04,0.0258,0.0,0.958,0.042
BTT,2021-04-04,0.0,0.0,1.0,0.0
BTT,2021-04-03,0.0,0.0,1.0,0.0
BTT,2021-04-03,0.0,0.0,1.0,0.0
BTT,2021-04-03,0.368,0.0,0.664,0.336
BTT,2021-04-03,0.0,0.0,1.0,0.0
BTT,2021-04-03,0.3182,0.0,0.883,0.117
BTT,2021-04-02,0.0,0.0,1.0,0.0
BTT,2021-04-02,0.4215,0.0,0.517,0.483
BTT,2021-04-02,0.0,0.0,1.0,0.0
BTT,2021-04-01,-0.34,0.545,0.455,0.0
BTT,2021-04-01,0.7506,0.0,0.584,0.416
BTT,2021-04-01,0.0,0.0,1.0,0.0
BTT,2021-04-01,0.0,0.0,1.0,0.0
BTT,2021-04-01,0.0,0.0,1.0,0.0
BTT,2021-03-31,0.0,0.0,1.0,0.0
BTT,2021-03-31,0.0258,0.0,0.845,0.155
BTT,2021-03-31,0.0,0.0,1.0,0.0
RKT,2021-04-07,0.4466,0.0,0.753,0.247
RKT,2021-04-07,0.296,0.0,0.645,0.355
RKT,2021-04-07,0.4278,0.0,0.832,0.168
RKT,2021-04-07,0.4278,0.0,0.821,0.179
RKT,2021-04-07,-0.5719,0.198,0.802,0.0
RKT,2021-04-07,0.7003,0.0,0.674,0.326
RKT,2021-04-07,0.0,0.0,1.0,0.0
RKT,2021-04-06,0.0,0.0,1.0,0.0
RKT,2021-04-06,0.2732,0.0,0.769,0.231
RKT,2021-04-06,0.4847,0.0,0.56,0.44
RKT,2021-04-06,-0.1027,0.091,0.909,0.0
RKT,2021-04-06,0.0,0.0,1.0,0.0
RKT,2021-04-06,0.0,0.0,1.0,0.0
RKT,2021-04-06,-0.1027,0.091,0.909,0.0
RKT,2021-04-06,0.3818,0.0,0.833,0.167
RKT,2021-04-06,0.4215,0.0,0.882,0.118
RKT,2021-04-06,0.0,0.0,1.0,0.0
RKT,2021-04-05,0.3182,0.0,0.685,0.315
RKT,2021-04-05,0.765,0.073,0.734,0.194
RKT,2021-04-05,0.0,0.0,1.0,0.0
RKT,2021-04-04,-0.3089,0.139,0.861,0.0
RKT,2021-04-03,0.0,0.0,1.0,0.0
RKT,2021-04-03,0.0,0.0,1.0,0.0
RKT,2021-04-03,0.0,0.0,1.0,0.0
RKT,2021-04-03,0.0,0.0,1.0,0.0
RKT,2021-04-02,0.0,0.0,1.0,0.0
RKT,2021-04-02,0.6408,0.0,0.572,0.428
RKT,2021-04-01,0.3566,0.0,0.816,0.184
RKT,2021-04-01,0.7531,0.0,0.402,0.598
RKT,2021-04-01,0.0,0.0,1.0,0.0
RKT,2021-04-01,0.0,0.0,1.0,0.0
RKT,2021-04-01,-0.1779,0.061,0.896,0.044
RKT,2021-04-01,0.5719,0.0,0.598,0.402
RKT,2021-04-01,0.3612,0.0,0.667,0.333
RKT,2021-04-01,-0.4404,0.266,0.734,0.0
RKT,2021-04-01,0.296,0.0,0.82,0.18
RKT,2021-03-31,0.296,0.0,0.761,0.239
RKT,2021-03-31,0.2732,0.0,0.323,0.677
RKT,2021-03-31,0.0,0.0,1.0,0.0
RKT,2021-03-31,-0.7579,0.168,0.76,0.073
RKT,2021-03-31,0.3919,0.0,0.654,0.346
RKT,2021-03-31,0.0,0.0,1.0,0.0
RKT,2021-03-31,0.0,0.0,1.0,0.0
RKT,2021-03-31,0.0,0.0,1.0,0.0
RKT,2021-03-31,-0.5719,0.222,0.778,0.0
RKT,2021-03-31,0.6739,0.0,0.619,0.381
VIAC,2021-04-07,-0.5106,0.32,0.68,0.0
VIAC,2021-04-06,0.0,0.0,1.0,0.0
VIAC,2021-04-06,0.0,0.0,1.0,0.0
VIAC,2021-04-06,0.4278,0.0,0.414,0.586
VIAC,2021-04-06,0.0,0.0,1.0,0.0
VIAC,2021-04-06,0.3947,0.138,0.543,0.319
VIAC,2021-04-06,0.0,0.0,1.0,0.0
VIAC,2021-04-06,0.4215,0.0,0.517,0.483
VIAC,2021-04-06,0.0,0.0,1.0,0.0
VIAC,2021-04-06,0.0258,0.113,0.769,0.118
VIAC,2021-04-06,0.0,0.0,1.0,0.0
VIAC,2021-04-06,0.0,0.0,1.0,0.0
VIAC,2021-04-05,0.0,0.0,1.0,0.0
VIAC,2021-04-05,-0.0772,0.19,0.632,0.178
VIAC,2021-04-05,-0.0772,0.183,0.645,0.172
VIAC,2021-04-05,-0.0772,0.183,0.645,0.172
VIAC,2021-04-05,0.4278,0.0,0.712,0.288
VIAC,2021-04-05,0.0,0.0,1.0,0.0
VIAC,2021-04-05,0.0,0.0,1.0,0.0
VIAC,2021-04-05,0.0,0.0,1.0,0.0
VIAC,2021-04-05,0.0,0.0,1.0,0.0
VIAC,2021-04-05,0.0,0.0,1.0,0.0
VIAC,2021-04-05,0.0,0.0,1.0,0.0
VIAC,2021-04-05,0.34,0.0,0.556,0.444
VIAC,2021-04-05,0.0,0.0,1.0,0.0
VIAC,2021-04-04,0.5106,0.0,0.732,0.268
VIAC,2021-04-04,0.5106,0.0,0.732,0.268
VIAC,2021-04-03,0.0,0.0,1.0,0.0
VIAC,2021-04-03,-0.2732,0.123,0.877,0.0
VIAC,2021-04-02,0.4019,0.0,0.526,0.474
VIAC,2021-04-02,0.4278,0.0,0.414,0.586
VIAC,2021-04-02,0.0,0.0,1.0,0.0
VIAC,2021-04-02,0.0,0.0,1.0,0.0
VIAC,2021-04-02,0.2023,0.0,0.735,0.265
VIAC,2021-04-01,-0.4588,0.429,0.571,0.0
VIAC,2021-04-01,0.0,0.0,1.0,0.0
VIAC,2021-04-01,0.4215,0.0,0.517,0.483
VIAC,2021-04-01,0.0,0.0,1.0,0.0
VIAC,2021-04-01,0.4019,0.0,0.526,0.474
VIAC,2021-04-01,0.694,0.137,0.399,0.464
VIAC,2021-04-01,-0.8402,0.341,0.529,0.13
VIAC,2021-04-01,0.0,0.0,1.0,0.0
VIAC,2021-04-01,-0.1195,0.123,0.774,0.103
VIAC,2021-04-01,0.743,0.0,0.451,0.549
VIAC,2021-04-01,0.6166,0.0,0.544,0.456
VIAC,2021-03-31,0.0,0.0,1.0,0.0
VIAC,2021-03-31,-0.296,0.216,0.784,0.0
VIAC,2021-03-31,0.0,0.0,1.0,0.0
VIAC,2021-03-31,0.0,0.0,1.0,0.0
VIAC,2021-03-31,0.0,0.0,1.0,0.0
VIAC,2021-03-31,0.0,0.0,1.0,0.0
VIAC,2021-03-31,0.0,0.0,1.0,0.0
VIAC,2021-03-31,0.0,0.0,1.0,0.0
VIAC,2021-03-31,0.0,0.0,1.0,0.0
EV,2021-04-07,0.0,0.0,1.0,0.0
EV,2021-04-07,0.0,0.0,1.0,0.0
EV,2021-04-07,0.0,0.0,1.0,0.0
EV,2021-04-07,0.2732,0.0,0.811,0.189
EV,2021-04-07,0.0,0.0,1.0,0.0
EV,2021-04-07,-0.5719,0.198,0.802,0.0
EV,2021-04-07,0.4278,0.0,0.514,0.486
EV,2021-04-07,0.4588,0.0,0.5,0.5
EV,2021-04-07,0.296,0.0,0.905,0.095
EV,2021-04-07,0.0,0.0,1.0,0.0
EV,2021-04-07,0.4588,0.0,0.5,0.5
EV,2021-04-07,0.7184,0.0,0.708,0.292
EV,2021-04-07,0.0,0.0,1.0,0.0
EV,2021-04-07,0.0,0.0,1.0,0.0
EV,2021-04-07,0.0,0.0,1.0,0.0
EV,2021-04-07,-0.8156,0.213,0.711,0.076
EV,2021-04-07,0.8658,0.0,0.662,0.338
EV,2021-04-07,0.8176,0.0,0.653,0.347
EV,2021-04-07,0.8176,0.0,0.653,0.347
EV,2021-04-07,-0.7749,0.168,0.796,0.037
EV,2021-04-07,-0.5267,0.167,0.833,0.0
EV,2021-04-07,-0.5267,0.167,0.833,0.0
EV,2021-04-07,-0.5267,0.167,0.833,0.0
EV,2021-04-07,0.0,0.0,1.0,0.0
EV,2021-04-06,-0.2263,0.192,0.808,0.0
EV,2021-04-06,0.4588,0.0,0.625,0.375
EV,2021-04-06,-0.3182,0.125,0.792,0.083
EV,2021-04-06,0.6486,0.0,0.629,0.371
EV,2021-04-06,0.0,0.0,1.0,0.0
EV,2021-04-06,0.4588,0.0,0.625,0.375
EV,2021-04-06,0.0,0.0,1.0,0.0
EV,2021-04-06,0.4588,0.0,0.667,0.333
EV,2021-04-06,0.6166,0.0,0.427,0.573
EV,2021-04-06,0.0,0.0,1.0,0.0
EV,2021-04-06,0.0,0.0,1.0,0.0
EV,2021-04-06,0.0,0.0,1.0,0.0
EV,2021-04-05,0.0,0.0,1.0,0.0
EV,2021-04-05,0.2057,0.0,0.92,0.08
EV,2021-04-05,0.0,0.0,1.0,0.0
EV,2021-04-05,0.0,0.0,1.0,0.0
EV,2021-04-05,0.0,0.0,1.0,0.0
EV,2021-04-05,0.0,0.0,1.0,0.0
EV,2021-04-05,0.7125,0.0,0.503,0.497
EV,2021-04-05,-0.1531,0.261,0.522,0.216
EV,2021-04-05,0.0,0.0,1.0,0.0
EV,2021-04-05,0.0,0.0,1.0,0.0
EV,2021-04-05,0.0,0.0,1.0,0.0
EV,2021-04-05,0.0,0.0,1.0,0.0
EV,2021-04-05,0.0,0.0,1.0,0.0
EV,2021-04-05,0.0,0.0,1.0,0.0
EV,2021-04-05,0.3612,0.0,0.545,0.455
EV,2021-04-04,0.0,0.0,1.0,0.0
EV,2021-04-04,0.0,0.0,1.0,0.0
EV,2021-04-04,0.0,0.0,1.0,0.0
EV,2021-04-04,-0.3182,0.247,0.753,0.0
EV,2021-04-04,0.765,0.0,0.602,0.398
EV,2021-04-03,0.0,0.0,1.0,0.0
EV,2021-04-03,0.9261,0.0,0.777,0.223
EV,2021-04-03,0.9261,0.0,0.777,0.223
EV,2021-04-03,0.4404,0.0,0.508,0.492
EV,2021-04-03,0.4404,0.0,0.508,0.492
EV,2021-04-03,0.0,0.0,1.0,0.0
EV,2021-04-03,0.9261,0.0,0.777,0.223
EV,2021-04-03,0.9261,0.0,0.777,0.223
EV,2021-04-02,0.9261,0.0,0.777,0.223
EV,2021-04-02,0.0509,0.15,0.65,0.199
EV,2021-04-02,0.9261,0.0,0.777,0.223
EV,2021-04-02,0.9261,0.0,0.777,0.223
EV,2021-04-02,0.9261,0.0,0.777,0.223
EV,2021-04-02,0.9261,0.0,0.777,0.223
EV,2021-04-02,0.9261,0.0,0.777,0.223
EV,2021-04-02,0.9261,0.0,0.777,0.223
EV,2021-04-02,0.9261,0.0,0.777,0.223
EV,2021-04-02,0.9261,0.0,0.777,0.223
EV,2021-04-02,0.7598,0.0,0.628,0.372
EV,2021-04-02,0.9261,0.0,0.777,0.223
EV,2021-04-02,0.9433,0.0,0.75,0.25
EV,2021-04-02,0.9433,0.0,0.75,0.25
EV,2021-04-02,0.9433,0.0,0.75,0.25
EV,2021-04-02,0.9433,0.0,0.75,0.25
EV,2021-04-02,0.9433,0.0,0.75,0.25
EV,2021-04-02,0.9433,0.0,0.75,0.25
EV,2021-04-02,0.9433,0.0,0.75,0.25
EV,2021-04-02,0.9433,0.0,0.75,0.25
EV,2021-04-02,0.9433,0.0,0.75,0.25
EV,2021-04-02,0.9433,0.0,0.75,0.25
EV,2021-04-01,-0.3612,0.169,0.731,0.1
EV,2021-04-01,-0.3612,0.169,0.731,0.1
EV,2021-04-01,0.3182,0.0,0.777,0.223
EV,2021-04-01,0.0,0.0,1.0,0.0
EV,2021-04-01,0.6249,0.0,0.806,0.194
EV,2021-04-01,0.0,0.0,1.0,0.0
EV,2021-04-01,0.9499,0.059,0.532,0.409
EV,2021-04-01,0.9141,0.06,0.603,0.336
EV,2021-04-01,-0.34,0.091,0.909,0.0
EV,2021-04-01,-0.4767,0.134,0.866,0.0
EV,2021-04-01,0.5086,0.0,0.583,0.417
EV,2021-04-01,0.8867,0.0,0.639,0.361
EV,2021-04-01,-0.7579,0.481,0.519,0.0
EV,2021-04-01,0.0,0.0,1.0,0.0
EV,2021-04-01,0.743,0.0,0.69,0.31
EV,2021-04-01,0.0,0.0,1.0,0.0
EV,2021-04-01,0.0,0.0,1.0,0.0
EV,2021-04-01,0.0,0.0,1.0,0.0
EV,2021-04-01,0.3182,0.0,0.753,0.247
EV,2021-04-01,0.0,0.0,1.0,0.0
EV,2021-03-31,0.34,0.0,0.87,0.13
EV,2021-03-31,0.0,0.0,1.0,0.0
EV,2021-03-31,0.5859,0.0,0.714,0.286
EV,2021-03-31,0.8695,0.059,0.574,0.367
EV,2021-03-31,0.0,0.0,1.0,0.0
EV,2021-03-31,0.0,0.0,1.0,0.0
EV,2021-03-31,0.0,0.0,1.0,0.0
EV,2021-03-31,-0.34,0.211,0.789,0.0
EV,2021-03-31,0.0,0.0,1.0,0.0
EV,2021-03-31,0.3612,0.0,0.94,0.06
EV,2021-03-31,0.0,0.0,1.0,0.0
EV,2021-03-31,-0.2247,0.161,0.718,0.121
EV,2021-03-31,0.25,0.0,0.875,0.125
EV,2021-03-31,0.25,0.0,0.846,0.154
EV,2021-03-31,0.0,0.0,1.0,0.0
EV,2021-03-31,0.7597,0.047,0.74,0.213
EV,2021-03-31,0.9196,0.0,0.516,0.484
EV,2021-03-31,0.6597,0.0,0.69,0.31
EV,2021-03-31,0.0,0.0,1.0,0.0
KEY,2021-04-06,0.0,0.0,1.0,0.0
KEY,2021-04-06,0.0,0.0,1.0,0.0
KEY,2021-04-04,0.0,0.0,1.0,0.0
KEY,2021-04-03,0.9261,0.0,0.777,0.223
KEY,2021-04-03,0.9261,0.0,0.777,0.223
KEY,2021-04-03,0.9261,0.0,0.777,0.223
KEY,2021-04-03,0.9261,0.0,0.777,0.223
KEY,2021-04-02,0.9261,0.0,0.777,0.223
KEY,2021-04-02,0.9261,0.0,0.777,0.223
KEY,2021-04-02,0.9261,0.0,0.777,0.223
KEY,2021-04-02,0.9261,0.0,0.777,0.223
KEY,2021-04-02,0.9261,0.0,0.777,0.223
KEY,2021-04-02,0.0,0.0,1.0,0.0
KEY,2021-04-02,0.9261,0.0,0.777,0.223
KEY,2021-04-02,0.9261,0.0,0.777,0.223
KEY,2021-04-02,0.9261,0.0,0.777,0.223
KEY,2021-04-02,0.9261,0.0,0.777,0.223
KEY,2021-04-02,0.9261,0.0,0.777,0.223
KEY,2021-04-02,0.9433,0.0,0.75,0.25
KEY,2021-04-02,0.9433,0.0,0.75,0.25
KEY,2021-04-02,0.9433,0.0,0.75,0.25
KEY,2021-04-02,0.9433,0.0,0.75,0.25
KEY,2021-04-02,0.9433,0.0,0.75,0.25
KEY,2021-04-02,0.9433,0.0,0.75,0.25
KEY,2021-04-02,0.9433,0.0,0.75,0.25
KEY,2021-04-02,0.9433,0.0,0.75,0.25
KEY,2021-04-02,0.9433,0.0,0.75,0.25
KEY,2021-04-02,0.9433,0.0,0.75,0.25
KEY,2021-04-01,0.0,0.0,1.0,0.0
KEY,2021-04-01,0.0,0.0,1.0,0.0
KEY,2021-04-01,0.0,0.0,1.0,0.0
NNOX,2021-04-07,0.7856,0.0,0.639,0.361
NNOX,2021-04-07,-0.7297,0.467,0.533,0.0
NNOX,2021-04-07,0.7943,0.105,0.558,0.337
NNOX,2021-04-06,0.8225,0.0,0.728,0.272
NNOX,2021-04-06,-0.0943,0.252,0.459,0.289
NNOX,2021-04-05,0.0,0.0,1.0,0.0
NNOX,2021-04-05,0.4404,0.0,0.256,0.744
NNOX,2021-04-05,-0.0315,0.057,0.891,0.052
NNOX,2021-04-05,0.0,0.0,1.0,0.0
NNOX,2021-04-04,0.4767,0.0,0.659,0.341
NNOX,2021-04-04,0.4767,0.0,0.693,0.307
NNOX,2021-04-04,0.0,0.0,1.0,0.0
NNOX,2021-04-04,0.0,0.0,1.0,0.0
NNOX,2021-04-04,0.4215,0.118,0.588,0.294
NNOX,2021-04-04,0.25,0.0,0.778,0.222
NNOX,2021-04-04,0.4215,0.118,0.588,0.294
NNOX,2021-04-04,0.4215,0.118,0.588,0.294
NNOX,2021-04-04,0.0,0.0,1.0,0.0
NNOX,2021-04-03,0.0,0.0,1.0,0.0
NNOX,2021-04-03,0.0,0.0,1.0,0.0
NNOX,2021-04-02,0.8397,0.037,0.757,0.205
NNOX,2021-04-02,0.2213,0.121,0.736,0.143
NNOX,2021-04-02,0.0,0.0,1.0,0.0
NNOX,2021-04-02,-0.1027,0.213,0.6,0.187
NNOX,2021-04-02,-0.5423,0.333,0.667,0.0
NNOX,2021-04-01,0.34,0.0,0.556,0.444
HOFV,2021-04-06,0.0,0.0,1.0,0.0
HOFV,2021-04-06,-0.5423,0.2,0.8,0.0
HOFV,2021-04-06,0.6523,0.0,0.429,0.571
HOFV,2021-04-05,0.0,0.0,1.0,0.0
HOFV,2021-04-05,0.0,0.0,1.0,0.0
HOFV,2021-04-05,0.0,0.0,1.0,0.0
HOFV,2021-04-05,0.0,0.0,1.0,0.0
HOFV,2021-04-04,0.0,0.0,1.0,0.0
HOFV,2021-04-04,0.0,0.0,1.0,0.0
HOFV,2021-04-04,0.0,0.0,1.0,0.0
HOFV,2021-04-04,0.0,0.0,1.0,0.0
HOFV,2021-04-04,0.4588,0.0,0.786,0.214
HOFV,2021-04-04,0.0,0.0,1.0,0.0
HOFV,2021-04-04,0.0,0.0,1.0,0.0
HOFV,2021-04-04,0.0,0.0,1.0,0.0
HOFV,2021-04-04,0.0,0.0,1.0,0.0
HOFV,2021-04-04,0.0,0.0,1.0,0.0
HOFV,2021-04-04,-0.296,0.688,0.312,0.0
HOFV,2021-04-04,0.0,0.0,1.0,0.0
HOFV,2021-04-03,0.3182,0.051,0.852,0.097
HOFV,2021-04-03,-0.7269,0.147,0.812,0.041
HOFV,2021-04-03,0.7555,0.0,0.736,0.264
HOFV,2021-04-02,0.0,0.0,1.0,0.0
HOFV,2021-04-02,0.7125,0.0,0.288,0.712
HOFV,2021-04-02,0.0,0.0,1.0,0.0
HOFV,2021-04-01,0.0,0.0,1.0,0.0
HOFV,2021-04-01,0.0,0.0,1.0,0.0
HOFV,2021-04-01,0.6908,0.0,0.86,0.14
HOFV,2021-04-01,0.0,0.0,1.0,0.0
HOFV,2021-04-01,0.0,0.0,1.0,0.0
HOFV,2021-03-31,0.4215,0.0,0.517,0.483
HOFV,2021-03-31,0.4588,0.0,0.5,0.5
HOFV,2021-03-31,0.0,0.0,1.0,0.0
HOFV,2021-03-31,0.0,0.0,1.0,0.0
HOFV,2021-03-31,0.0,0.0,1.0,0.0
HOFV,2021-03-31,0.0,0.0,1.0,0.0
MVIS,2021-04-07,0.0,0.0,1.0,0.0
MVIS,2021-04-06,0.0,0.0,1.0,0.0
MVIS,2021-04-06,0.0,0.0,1.0,0.0
MVIS,2021-04-06,0.0,0.0,1.0,0.0
MVIS,2021-04-06,0.0,0.0,1.0,0.0
MVIS,2021-04-05,0.0,0.0,1.0,0.0
MVIS,2021-04-05,0.0,0.0,1.0,0.0
MVIS,2021-04-03,0.0,0.0,1.0,0.0
MVIS,2021-04-01,0.0,0.0,1.0,0.0
MVIS,2021-04-01,0.0,0.0,1.0,0.0
MVIS,2021-04-01,0.4549,0.0,0.937,0.063
MVIS,2021-04-01,0.0,0.0,1.0,0.0
MVIS,2021-04-01,0.5994,0.0,0.766,0.234
MVIS,2021-04-01,0.5859,0.0,0.441,0.559
MVIS,2021-04-01,0.5608,0.097,0.641,0.262
MVIS,2021-04-01,0.2782,0.0,0.485,0.515
MVIS,2021-03-31,0.6249,0.119,0.541,0.341
MVIS,2021-03-31,0.7783,0.065,0.738,0.196
MVIS,2021-03-31,0.2732,0.0,0.323,0.677
MVIS,2021-03-31,0.0,0.0,1.0,0.0
MVIS,2021-03-31,0.0,0.0,1.0,0.0
MVIS,2021-03-31,0.3612,0.0,0.667,0.333
MVIS,2021-03-31,0.34,0.0,0.821,0.179
MVIS,2021-03-31,0.3612,0.0,0.615,0.385
MVIS,2021-03-31,0.7184,0.0,0.625,0.375
MVIS,2021-03-31,-0.3182,0.204,0.796,0.0
MVIS,2021-03-31,0.0,0.0,1.0,0.0
MVIS,2021-03-31,0.0,0.0,1.0,0.0
MVIS,2021-03-31,0.0,0.0,1.0,0.0
MVIS,2021-03-31,0.0,0.0,1.0,0.0
